position,aa,af_plddt,course_plddt,ca_radius_A,exposure_rank_1_is_outer,metal_mature_numbering,metal_fasta_mapping
1,M,70.94,62.18,24.22138023376465,1,False,False
2,A,83.56,83.52,20.642805099487305,8,False,False
3,T,94.81,88.08,18.08563995361328,21,False,False
4,K,98.44,88.71,15.878144264221191,43,False,False
5,A,98.75,96.07,13.210667610168457,74,False,False
6,V,98.81,94.61,12.180855751037598,101,False,False
7,C,98.94,97.02,10.145544052124023,126,False,False
8,V,98.88,95.15,12.061464309692383,104,False,False
9,L,98.88,94.03,10.446670532226562,125,False,False
10,K,98.69,82.67,13.275762557983398,73,False,False
11,G,97.19,87.46,14.455554962158203,58,False,False
12,D,96.31,76.91,17.93001937866211,25,False,False
13,G,96.94,89.79,18.039133071899414,23,False,False
14,P,98.06,91.16,18.23794937133789,18,False,False
15,V,98.75,94.72,14.470926284790039,57,False,False
16,Q,98.81,87.22,13.7857027053833,66,False,False
17,G,98.81,96.8,12.261938095092773,96,False,False
18,I,98.88,92.68,12.162701606750488,103,False,False
19,I,98.88,96.41,9.679407119750977,134,False,False
20,N,98.88,93.72,11.547563552856445,109,False,False
21,F,98.81,95.55,11.311491012573242,114,False,False
22,E,98.56,91.59,14.576678276062012,56,False,False
23,Q,98.31,93.01,15.998672485351562,42,False,False
24,K,96.81,82.74,19.750131607055664,10,False,False
25,E,94.5,80.83,20.78401756286621,7,False,False
26,S,89.94,81.87,19.465696334838867,12,False,False
27,N,90.12,76.78,19.53982162475586,11,False,False
28,G,95.56,90.49,18.35125732421875,17,False,False
29,P,97.94,92.64,15.179807662963867,49,False,False
30,V,98.62,95.21,12.489347457885742,90,False,False
31,K,98.62,84.56,12.554378509521484,89,False,False
32,V,98.88,95.81,9.623764991760254,135,False,False
33,W,98.88,86.87,11.335087776184082,113,False,False
34,G,98.69,97.02,12.237797737121582,97,False,False
35,S,98.81,92.49,13.00424575805664,78,False,False
36,I,98.88,96.28,12.043746948242188,105,False,False
37,K,98.69,85.27,15.312689781188965,47,False,False
38,G,98.5,95.98,16.903364181518555,32,False,False
39,L,98.75,95.56,15.0386381149292,51,False,False
40,T,98.56,91.72,17.286792755126953,29,False,False
41,E,98.69,94.35,18.223087310791016,19,False,False
42,G,98.62,97.5,16.2947998046875,37,False,False
43,L,98.75,95.38,13.089138984680176,76,False,False
44,H,98.88,96.3,10.09781265258789,127,False,False
45,G,98.81,98.19,7.5461602210998535,144,False,False
46,F,98.94,95.52,3.861295700073242,153,False,False
47,H,98.88,91.64,2.431051254272461,154,True,True
48,V,98.94,97.98,3.9890177249908447,152,False,False
49,H,98.88,96.14,7.164125919342041,145,True,True
50,E,98.81,90.73,10.539582252502441,122,False,False
51,F,98.69,93.29,12.33255672454834,94,False,False
52,G,98.62,96.71,12.429271697998047,91,False,False
53,D,98.62,94.18,14.685014724731445,55,False,False
54,N,97.5,90.76,14.867271423339844,53,False,False
55,T,97.81,91.34,18.66150665283203,14,False,False
56,A,97.69,92.31,18.52643394470215,16,False,False
57,G,97.19,93.24,15.641182899475098,45,False,False
58,C,98.06,95.13,12.18974781036377,99,False,False
59,T,97.5,87.55,14.148602485656738,63,False,False
60,S,98.25,92.36,15.032672882080078,52,False,False
61,A,98.62,96.0,11.560056686401367,108,False,False
62,G,98.44,96.43,12.778611183166504,83,False,False
63,P,98.56,95.82,11.449769973754883,112,False,False
64,H,98.81,96.26,8.562504768371582,140,True,True
65,F,98.81,96.11,9.372993469238281,136,False,False
66,N,98.75,95.21,12.341043472290039,93,False,False
67,P,98.44,94.58,15.06847858428955,50,False,False
68,L,98.12,87.84,16.84892463684082,33,False,False
69,S,98.19,91.73,17.389995574951172,27,False,False
70,R,98.19,85.44,16.505369186401367,35,False,False
71,K,98.44,88.53,15.846962928771973,44,False,False
72,H,98.75,94.62,12.665989875793457,86,True,True
73,G,98.56,96.36,12.71322250366211,85,False,False
74,G,98.5,95.26,11.538455963134766,111,False,False
75,P,98.31,91.12,10.536431312561035,123,False,False
76,K,98.19,82.55,14.373422622680664,60,False,False
77,D,98.19,92.01,15.553300857543945,46,False,False
78,E,97.69,78.75,17.173568725585938,30,False,False
79,E,98.38,83.98,16.559791564941406,34,False,False
80,R,98.75,93.07,12.825002670288086,82,False,False
81,H,98.81,94.84,10.852994918823242,118,True,True
82,V,98.75,95.75,9.796919822692871,132,False,False
83,G,98.81,97.44,6.191768646240234,148,False,False
84,D,98.88,95.77,6.459031105041504,146,False,False
85,L,98.88,96.37,5.395998001098633,149,False,False
86,G,98.75,97.23,7.62700080871582,143,False,False
87,N,98.88,96.74,8.516727447509766,141,False,False
88,V,98.81,96.29,9.20655632019043,137,False,False
89,T,98.81,95.42,12.959341049194336,80,False,False
90,A,98.81,97.42,14.8264741897583,54,False,False
91,D,98.56,95.27,18.544755935668945,15,False,False
92,K,98.31,83.49,21.637176513671875,3,False,False
93,D,98.25,92.95,21.315073013305664,5,False,False
94,G,98.56,96.44,17.9434757232666,24,False,False
95,V,98.75,96.29,16.198888778686523,38,False,False
96,A,98.81,97.13,13.187885284423828,75,False,False
97,D,98.75,90.28,13.836470603942871,64,False,False
98,V,98.75,95.74,10.811613082885742,119,False,False
99,S,98.56,92.84,12.186908721923828,100,False,False
100,I,98.5,93.42,10.510266304016113,124,False,False
101,E,98.56,86.72,12.2223539352417,98,False,False
102,D,98.69,94.37,11.000551223754883,115,False,False
103,S,97.88,90.32,13.704339981079102,67,False,False
104,V,98.31,93.39,12.273544311523438,95,False,False
105,I,98.62,95.08,10.036542892456055,129,False,False
106,S,98.56,91.87,12.6047945022583,87,False,False
107,L,98.5,93.85,13.599888801574707,69,False,False
108,S,97.25,91.26,16.505006790161133,36,False,False
109,G,96.81,91.84,18.0559024810791,22,False,False
110,D,97.44,86.59,16.992050170898438,31,False,False
111,H,98.31,91.18,13.467738151550293,71,False,False
112,C,98.25,95.84,13.043091773986816,77,False,False
113,I,98.81,96.45,9.754780769348145,133,False,False
114,I,98.56,93.79,12.173799514770508,102,False,False
115,G,98.69,97.35,12.995095252990723,79,False,False
116,R,98.81,92.09,9.857635498046875,131,False,False
117,T,98.88,97.31,7.871833324432373,142,False,False
118,L,98.94,96.36,4.621006488800049,151,False,False
119,V,98.88,96.37,5.1357550621032715,150,False,False
120,V,98.94,95.65,6.457077503204346,147,False,False
121,H,98.81,95.54,9.013144493103027,138,True,True
122,E,98.62,89.02,12.76090145111084,84,False,False
123,K,98.56,89.97,13.306229591369629,72,False,False
124,A,98.75,97.14,12.574031829833984,88,False,False
125,D,98.75,95.92,10.94228744506836,116,False,False
126,D,98.56,95.64,14.218809127807617,62,False,False
127,L,98.5,93.88,12.827703475952148,81,False,False
128,G,98.19,94.51,15.229195594787598,48,False,False
129,K,98.25,87.64,18.107872009277344,20,False,False
130,G,97.38,93.33,19.180498123168945,13,False,False
131,G,97.25,91.89,22.0296630859375,2,False,False
132,N,97.69,91.65,21.595434188842773,4,False,False
133,E,97.38,84.41,20.59550666809082,9,False,False
134,E,97.88,83.15,17.546464920043945,26,False,False
135,S,98.38,94.51,16.13387107849121,41,False,False
136,T,97.44,92.32,16.158061981201172,40,False,False
137,K,98.19,88.05,14.229510307312012,61,False,False
138,T,97.62,92.8,11.655627250671387,107,False,False
139,G,98.5,95.82,12.389937400817871,92,False,False
140,N,98.19,92.12,14.38422679901123,59,False,False
141,A,98.19,95.83,11.53881549835205,110,False,False
142,G,97.69,95.15,13.65473747253418,68,False,False
143,S,98.06,92.13,13.502013206481934,70,False,False
144,R,98.5,88.1,10.882218360900879,117,False,False
145,L,98.62,95.25,11.91271686553955,106,False,False
146,A,98.81,97.11,10.551448822021484,121,False,False
147,C,98.81,96.94,8.885653495788574,139,False,False
148,G,98.81,97.58,9.885679244995117,130,False,False
149,V,98.81,96.09,10.770430564880371,120,False,False
150,I,98.88,97.05,10.072691917419434,128,False,False
151,G,98.56,96.13,13.793184280395508,65,False,False
152,I,98.25,86.86,16.180728912353516,39,False,False
153,A,97.88,90.27,17.315582275390625,28,False,False
154,Q,90.56,72.67,20.838890075683594,6,False,False
