position,aa,af_plddt,course_dimer_plddt,course_monomer_sasa,course_dimer_sasa,sasa_loss,provisional_metal_exclusion,cross_pae_min,cross_pae_mean,cross_pae_max
1,M,70.94,38.02,237.7882752722598,239.66401220860365,-1.8757369363438556,False,14.54,21.63707792207792,26.31
2,A,83.56,65.73,37.24140508805445,36.899300576144164,0.3421045119102857,False,7.8,12.929545454545456,15.89
3,T,94.81,79.97,50.65241495577004,51.5417397154277,-0.8893247596576614,False,5.12,9.679545454545455,11.75
4,K,98.44,81.66,96.03787452053011,99.33918385458287,-3.3013093340527604,False,2.39,4.195584415584416,6.42
5,A,98.75,90.28,1.0217199439870348,0.7427069951162093,0.2790129488708255,False,2.26,3.302337662337662,5.36
6,V,98.81,87.29,43.318031121676555,3.24621260418914,40.071818517487415,False,1.92,3.1202597402597396,5.23
7,C,98.94,92.77,0.766162581699135,0.8534411763734078,-0.08727859467427279,False,1.96,3.0943506493506496,5.19
8,V,98.88,89.19,72.20938754600414,31.480323985525995,40.72906356047814,False,2.15,3.3265584415584413,5.42
9,L,98.88,88.43,0.3421314672175776,0.4318943684059496,-0.08976290118837199,False,2.29,3.7296753246753247,6.1
10,K,98.69,77.7,144.29873327251602,139.99952435983067,4.299208912685344,False,3.36,6.339090909090909,9.64
11,G,97.19,80.92,27.564217272736464,26.92847999420004,0.6357372785364248,False,4.03,8.759155844155845,12.57
12,D,96.31,73.52,166.4029736346928,166.62705288828107,-0.22407925358825764,False,5.24,8.932467532467534,13.04
13,G,96.94,84.46,45.55421521611759,44.41184666145405,1.1423685546635411,False,5.64,9.554415584415583,14.13
14,P,98.06,85.25,103.7356690289208,103.74638380014132,-0.010714771220520447,False,4.14,8.256688311688313,11.31
15,V,98.75,87.7,7.458716482516004,6.184430856854126,1.2742856256618778,False,2.89,4.680714285714285,6.87
16,Q,98.81,80.7,74.85918709815193,105.5416910911733,-30.68250399302137,False,2.81,4.754220779220779,6.94
17,G,98.81,90.96,11.41281762966663,11.342204527045105,0.07061310262152531,False,2.33,4.818766233766234,7.41
18,I,98.88,87.05,96.04565519289619,72.27512823491304,23.77052695798315,False,2.17,3.255064935064935,5.2
19,I,98.88,92.61,0.0,0.0,0.0,False,2.1,2.961038961038961,5.09
20,N,98.88,88.87,41.54365831056102,41.136603036658016,0.4070552739030049,False,2.16,3.2299999999999995,5.08
21,F,98.81,91.97,0.574416842452342,0.560477955652353,0.013938886799989003,False,2.12,3.0745454545454547,5.22
22,E,98.56,86.06,36.574825329211954,37.310275230423215,-0.7354499012112612,False,2.42,3.89987012987013,5.75
23,Q,98.31,87.4,6.217143313612831,5.6153543205055625,0.6017889931072684,False,2.88,4.704090909090909,6.57
24,K,96.81,75.82,162.9210991532599,166.18184628578672,-3.2607471325268307,False,4.21,7.296948051948052,10.27
25,E,94.5,74.53,128.30019324025244,128.8492572807188,-0.5490640404663623,False,6.46,10.05116883116883,13.72
26,S,89.94,74.94,78.2360065000537,76.07615512834664,2.159851371707063,False,7.68,11.069350649350651,15.05
27,N,90.12,70.71,150.81138445912305,150.34508858233661,0.4662958767864325,False,6.16,10.434480519480518,14.98
28,G,95.56,85.57,12.675176362510918,12.599445075563587,0.075731286947331,False,5.64,8.527922077922078,11.6
29,P,97.94,88.8,61.04466646531611,61.57141976361768,-0.5267532983015712,False,3.09,5.119935064935065,7.5
30,V,98.62,91.25,0.0,0.0,0.0,False,2.56,3.895454545454546,5.44
31,K,98.62,81.4,108.60771901003943,112.45141799816733,-3.8436989881278976,False,2.44,3.652987012987013,5.42
32,V,98.88,91.73,0.1326871801468216,0.090265974506644,0.042421205640177595,False,2.38,3.4851948051948054,5.36
33,W,98.88,78.34,78.95487808985465,79.40193477984364,-0.4470566899889974,False,2.48,3.7655844155844154,5.58
34,G,98.69,92.52,18.58741613008082,17.565341443359966,1.0220746867208526,False,2.98,5.019025974025975,7.35
35,S,98.81,88.09,52.444903715004074,36.57767788400173,15.867225831002344,False,2.75,4.771883116883117,6.92
36,I,98.88,91.13,0.25804001820803313,0.0,0.25804001820803313,False,2.47,3.702727272727273,5.75
37,K,98.69,80.02,105.41714670584435,118.6810786092858,-13.26393190344146,False,2.56,4.5182467532467525,6.55
38,G,98.5,92.42,30.511928949777943,30.3197630720455,0.19216587773244242,False,2.84,5.004155844155843,6.95
39,L,98.75,91.01,8.94509862305943,8.961335432117966,-0.01623680905853675,False,2.77,4.390844155844156,6.3
40,T,98.56,87.58,100.42451285588687,96.9775595262261,3.446953329660772,False,3.17,4.784350649350649,6.99
41,E,98.69,89.83,128.22285062537784,130.62088359319256,-2.3980329678147143,False,3.54,5.289285714285714,7.13
42,G,98.62,94.1,25.26852435508118,26.058778434823047,-0.7902540797418673,False,4.27,6.35448051948052,9.05
43,L,98.75,90.73,88.52453297160608,87.78186223973995,0.7426707318661272,False,2.77,4.163116883116882,6.18
44,H,98.88,92.49,1.861208790289114,1.6498188857575582,0.2113899045315557,False,2.63,3.991688311688312,5.71
45,G,98.81,95.22,0.0,0.0,0.0,False,2.46,4.094935064935065,5.92
46,F,98.94,92.64,0.0,0.0,0.0,False,2.25,3.912467532467532,5.67
47,H,98.88,87.56,0.0,0.0,0.0,True,1.87,3.5924675324675324,5.51
48,V,98.94,93.81,0.0,0.0,0.0,False,2.03,3.1491558441558443,4.94
49,H,98.88,91.52,3.5602964252395215,2.324818205383957,1.2354782198555645,True,2.07,3.274025974025974,5.22
50,E,98.81,85.03,59.25104766613258,57.32970340314583,1.92134426298675,False,2.02,3.706168831168831,5.71
51,F,98.69,87.56,98.69459834681194,29.68580913410627,69.00878921270566,False,1.69,3.482142857142857,5.11
52,G,98.62,88.6,34.02702146965321,2.324144475450882,31.702876994202324,False,1.56,3.797727272727273,6.13
53,D,98.62,86.29,59.563366010119445,21.70411150516756,37.859254504951885,False,2.0,4.433246753246753,7.3
54,N,97.5,80.49,48.83440812165283,30.05989171579913,18.7745164058537,False,2.09,4.884935064935065,8.11
55,T,97.81,82.74,129.84736402068964,56.23208957622815,73.61527444446149,False,2.25,4.450324675324675,7.41
56,A,97.69,84.83,67.3722705533352,66.92906051802785,0.44321003530734515,False,2.37,4.69025974025974,7.5
57,G,97.19,86.65,40.3636041098385,39.543226082398306,0.8203780274401922,False,2.92,5.554285714285714,8.8
58,C,98.06,86.99,15.619774911461143,16.181654031281514,-0.5618791198203716,False,2.98,4.949155844155845,7.61
59,T,97.5,79.21,101.93215205696183,103.28702440288566,-1.3548723459238374,False,3.17,5.596623376623376,8.7
60,S,98.25,83.73,26.532120508844272,26.599550018470303,-0.06742950962603089,False,2.61,5.04422077922078,7.91
61,A,98.62,87.14,0.0,0.0,0.0,False,2.71,4.57142857142857,7.0
62,G,98.44,89.93,15.532400359744544,17.49386981321081,-1.9614694534662664,False,2.65,4.308961038961039,6.74
63,P,98.56,90.0,79.54568813686703,82.01217713355379,-2.4664889966867634,False,2.37,4.12987012987013,6.52
64,H,98.81,91.13,7.408168419320021,6.613373566125652,0.7947948531943689,True,2.36,3.823441558441558,5.91
65,F,98.81,91.27,5.414165512150458,4.30677778926873,1.107387722881728,False,2.36,3.682077922077922,5.29
66,N,98.75,88.16,41.07246070041829,38.19656093703348,2.8758997633848082,False,2.68,4.786168831168831,7.34
67,P,98.44,85.12,66.76580062901495,66.83487188429244,-0.06907125527749258,False,2.97,5.392142857142858,8.33
68,L,98.12,80.46,78.98325786382372,77.65872520564315,1.3245326581805728,False,2.88,5.203896103896104,7.76
69,S,98.19,82.51,102.11310439952514,104.50058275146839,-2.387478351943244,False,3.26,5.445779220779221,8.04
70,R,98.19,76.98,82.4435818476109,80.67726690971966,1.766314937891238,False,3.73,5.943636363636363,8.47
71,K,98.44,81.49,151.1587615633882,152.18462209576475,-1.025860532376555,False,3.99,6.183571428571429,8.75
72,H,98.75,87.26,8.39947651482458,8.402312409519068,-0.0028358946944884167,True,4.14,6.116493506493507,8.19
73,G,98.56,91.53,2.2305411849690864,2.4232335582610327,-0.19269237329194633,False,5.39,8.26,11.25
74,G,98.5,87.34,3.806255688973177,3.8927306406728226,-0.0864749516996457,False,5.61,8.147402597402596,10.86
75,P,98.31,81.48,49.73065635857674,50.09069075290502,-0.3600343943282809,False,5.63,8.60603896103896,11.73
76,K,98.19,76.97,200.37767863734507,198.26020093406356,2.1174777032815086,False,6.05,8.869025974025973,12.02
77,D,98.19,83.87,48.57420401724383,49.77763363901978,-1.2034296217759533,False,5.87,8.674675324675325,11.83
78,E,97.69,71.72,169.67825448088163,159.57827634664517,10.099978134236466,False,8.32,12.528376623376623,16.32
79,E,98.38,79.97,126.22848095664519,131.1796099301527,-4.951128973507522,False,6.92,11.689935064935066,15.85
80,R,98.75,87.24,7.722086221889061,7.453556268281798,0.2685299536072625,False,3.31,5.783376623376624,8.55
81,H,98.81,89.98,10.19836777468323,10.532097085657657,-0.3337293109744266,True,2.77,4.63,6.51
82,V,98.75,90.35,0.16924586044528728,0.027397854793536337,0.14184800565175093,False,2.77,4.235324675324676,6.03
83,G,98.81,92.98,0.0,0.0,0.0,False,2.82,4.581363636363636,7.13
84,D,98.88,91.38,0.0,0.0,0.0,False,2.56,4.2268181818181825,6.34
85,L,98.88,90.97,2.938524910698895,2.2045864671032414,0.7339384435956537,False,2.72,4.148506493506494,6.14
86,G,98.75,94.06,1.2331760027876588,0.40024159567108997,0.8329344071165689,False,3.22,5.266493506493506,7.94
87,N,98.88,93.25,41.26140967995014,39.95012032046354,1.3112893594866009,False,2.97,4.478831168831169,6.52
88,V,98.81,90.02,7.522636072135884,6.939845930484454,0.5827901416514303,False,2.86,4.3392207792207795,6.45
89,T,98.81,89.93,81.3216062081927,83.69828419667778,-2.3766779884850706,False,3.54,5.177922077922078,7.43
90,A,98.81,93.35,1.1215669261261116,2.151018716420793,-1.0294517902946814,False,3.42,5.129545454545455,7.01
91,D,98.56,89.63,63.89570450635787,64.64632197438556,-0.7506174680276843,False,3.59,5.577922077922079,7.68
92,K,98.31,77.69,172.2055882884246,174.42750501920503,-2.2219167307804355,False,4.56,7.0249999999999995,9.54
93,D,98.25,86.98,109.4308077041485,110.03271944743878,-0.6019117432902732,False,3.49,5.68064935064935,7.68
94,G,98.56,90.09,6.372527641929573,6.450967756178308,-0.07844011424873454,False,2.98,5.011623376623376,7.09
95,V,98.75,88.06,47.8203175447933,37.06014163056531,10.760175914227986,False,3.21,4.860259740259741,6.75
96,A,98.81,90.48,0.0,0.0,0.0,False,3.07,4.836623376623377,6.73
97,D,98.75,83.49,113.0216921989101,112.86461039621847,0.15708180269163563,False,3.28,5.414675324675324,7.47
98,V,98.75,87.89,7.082376264245503,6.985696166742321,0.09668009750318163,False,3.23,4.932142857142858,6.7
99,S,98.56,86.13,99.00875207023917,96.5172975697227,2.4914545005164683,False,3.22,5.634805194805195,7.75
100,I,98.5,85.82,30.731667121278946,30.23552824895678,0.4961388723221667,False,3.7,5.7398701298701305,8.09
101,E,98.56,81.2,128.53555821835167,126.90036299865164,1.635195219700023,False,3.31,5.066493506493506,6.83
102,D,98.69,89.81,3.96506669856471,3.7157828633553853,0.2492838352093245,False,3.12,4.920909090909091,6.92
103,S,97.88,86.27,94.32183270538052,94.06531186023629,0.25652084514422313,False,3.65,5.819025974025974,8.33
104,V,98.31,88.32,35.3832010508159,30.124499200281868,5.258701850534031,False,2.54,4.278376623376623,6.3
105,I,98.62,90.25,2.187700701180129,2.175198675223199,0.012502025956929952,False,2.36,3.630714285714286,5.27
106,S,98.56,87.26,13.541001665347308,12.963963024054085,0.5770386412932229,False,2.17,3.810454545454545,5.51
107,L,98.5,86.27,8.419383150998241,3.8666370642999794,4.552746086698262,False,2.36,3.69538961038961,5.53
108,S,97.25,81.11,50.67151517543583,47.90566621012856,2.7658489653072706,False,2.73,5.185649350649351,7.8
109,G,96.81,80.05,60.97798677822302,62.390470973430226,-1.412484195207206,False,3.25,6.060259740259741,9.25
110,D,97.44,76.57,135.24277847828415,134.01273788760494,1.2300405906792093,False,3.48,6.506688311688311,9.69
111,H,98.31,83.65,45.159375780787826,44.63839696371003,0.5209788170777969,False,2.41,5.047532467532467,7.42
112,C,98.25,87.67,31.775171636014583,31.1412321520562,0.6339394839583825,False,1.91,3.6863636363636365,5.55
113,I,98.81,89.97,0.0,0.0,0.0,False,1.66,2.908961038961039,5.08
114,I,98.56,87.32,44.19768702774907,20.93749812166505,23.260188906084018,False,1.67,2.957207792207792,4.77
115,G,98.69,91.59,39.026241218068094,0.0,39.026241218068094,False,1.32,2.935454545454545,4.77
116,R,98.81,89.32,52.963682800850506,30.821599825660538,22.142082975189968,False,1.66,3.004025974025974,4.86
117,T,98.88,91.2,0.0,0.0,0.0,False,2.0,3.1361688311688307,4.89
118,L,98.94,93.46,0.0,0.0,0.0,False,1.87,2.8854545454545457,4.79
119,V,98.88,92.75,0.0,0.0,0.0,False,2.02,3.1683116883116886,5.11
120,V,98.94,89.14,0.0,0.0,0.0,False,2.01,3.3381168831168826,5.18
121,H,98.81,92.04,7.936273307397285,6.483008316456822,1.453264990940463,True,2.41,3.861818181818182,5.79
122,E,98.62,86.56,79.77589990042259,80.89086261011317,-1.1149627096905874,False,2.64,4.293181818181819,6.62
123,K,98.56,85.82,116.60735176018278,117.51292630628635,-0.9055745461035656,False,3.42,5.099350649350649,7.53
124,A,98.75,92.92,42.56021751591918,43.27120298017483,-0.7109854642556499,False,3.41,4.960454545454545,7.04
125,D,98.75,90.32,4.984007327249073,5.101179512461658,-0.11717218521258488,False,3.51,5.431623376623377,7.66
126,D,98.56,88.99,40.84785928890231,41.58248961222524,-0.734630323322925,False,4.51,6.1886363636363635,8.84
127,L,98.5,85.06,52.021064026713546,50.457803935572336,1.5632600911412098,False,5.24,6.875844155844155,9.24
128,G,98.19,86.7,19.244106002719477,20.823263512598075,-1.5791575098785984,False,6.1,7.965000000000001,10.59
129,K,98.25,82.54,154.32443458220908,158.51754944117306,-4.19311485896398,False,5.68,7.8306493506493515,10.54
130,G,97.38,85.37,39.9572944342021,41.190936569038534,-1.2336421348364368,False,8.49,11.045259740259741,14.28
131,G,97.25,83.06,82.2448060824417,81.97967217875956,0.2651339036821412,False,9.03,11.890909090909089,14.77
132,N,97.69,82.23,75.2925677382261,74.46070567054696,0.8318620676791397,False,6.91,9.58512987012987,13.34
133,E,97.38,76.73,116.45081537719075,119.50766919754888,-3.0568538203581284,False,6.25,8.802467532467533,11.38
134,E,97.88,76.17,93.2586949795738,87.95069777686402,5.307997202709785,False,6.28,8.843246753246753,11.49
135,S,98.38,84.24,0.0973009774708389,0.1445852006987794,-0.047284223227940486,False,5.66,7.687987012987012,10.05
136,T,97.44,81.27,41.35322563338465,44.196488222194915,-2.843262588810262,False,5.13,7.52435064935065,10.03
137,K,98.19,78.81,106.4755320886251,113.94568929113532,-7.470157202510222,False,4.1,6.484740259740259,8.57
138,T,97.62,82.54,53.40460076808141,45.38229307003868,8.02230769804273,False,5.52,8.030194805194807,11.07
139,G,98.5,87.19,0.0,0.0,0.0,False,4.98,7.2555844155844165,9.94
140,N,98.19,80.64,46.44338885038042,41.89429805713633,4.5490907932440905,False,5.15,7.154740259740259,9.69
141,A,98.19,87.45,0.8432616031235494,0.577577574028291,0.26568402909525834,False,4.75,6.76987012987013,9.22
142,G,97.69,89.34,37.99923204286368,40.93606374526009,-2.936831702396411,False,4.51,6.827987012987013,9.77
143,S,98.06,88.2,71.06746817029837,61.03446525418489,10.033002916113482,False,3.03,5.031493506493508,7.21
144,R,98.5,81.13,69.67627414696155,67.76342184073357,1.9128523062279754,False,2.89,4.639480519480519,6.75
145,L,98.62,90.0,52.15488234330499,48.76522423330115,3.389658110003843,False,2.58,4.120194805194805,6.09
146,A,98.81,93.4,0.0,0.0,0.0,False,2.1,3.6860389610389617,5.67
147,C,98.81,91.54,10.763107536751416,8.3943220095741,2.368785527177316,False,1.98,3.404220779220779,5.64
148,G,98.81,93.51,6.842857949976997,4.483649744890432,2.3592082050865653,False,1.77,3.159155844155844,4.91
149,V,98.81,92.09,62.934167886033286,18.2493917173699,44.68477616866339,False,1.55,2.8603246753246756,4.94
150,I,98.88,92.53,0.4993139862506425,0.0,0.4993139862506425,False,1.66,2.832987012987013,4.84
151,G,98.56,90.69,25.78717728515568,0.0,25.78717728515568,False,1.34,3.2135064935064936,5.6
152,I,98.25,85.61,130.88094297138576,41.04307559394938,89.83786737743638,False,1.59,3.1449350649350647,5.27
153,A,97.88,84.74,28.427744059239622,14.750713673954518,13.677030385285104,False,1.84,4.861298701298702,7.46
154,Q,90.56,70.83,217.6993580432872,140.47336417147864,77.22599387180856,False,3.12,9.13590909090909,14.57
