position,af_plddt,ca_distance_A
1,70.94,7.549
2,83.56,6.362
3,94.81,0.815
4,98.44,0.508
5,98.75,0.357
6,98.81,0.272
7,98.94,0.173
8,98.88,0.108
9,98.88,0.175
10,98.69,0.323
11,97.19,0.288
12,96.31,0.283
13,96.94,0.101
14,98.06,0.461
15,98.75,0.203
16,98.81,0.153
17,98.81,0.419
18,98.88,0.174
19,98.88,0.185
20,98.88,0.326
21,98.81,0.353
22,98.56,0.492
23,98.31,0.539
24,96.81,0.679
25,94.50,1.200
26,89.94,1.094
27,90.12,1.230
28,95.56,0.717
29,97.94,0.462
30,98.62,0.338
31,98.62,0.370
32,98.88,0.290
33,98.88,0.398
34,98.69,0.250
35,98.81,0.240
36,98.88,0.274
37,98.69,0.191
38,98.50,0.309
39,98.75,0.218
40,98.56,0.276
41,98.69,0.363
42,98.62,0.458
43,98.75,0.164
44,98.88,0.169
45,98.81,0.140
46,98.94,0.186
47,98.88,0.137
48,98.94,0.159
49,98.88,0.229
50,98.81,0.229
51,98.69,0.194
52,98.62,0.200
53,98.62,0.428
54,97.50,0.681
55,97.81,0.430
56,97.69,0.622
57,97.19,0.375
58,98.06,0.185
59,97.50,0.320
60,98.25,0.298
61,98.62,0.215
62,98.44,0.145
63,98.56,0.244
64,98.81,0.122
65,98.81,0.067
66,98.75,0.113
67,98.44,0.212
68,98.12,0.182
69,98.19,0.288
70,98.19,0.184
71,98.44,0.106
72,98.75,0.200
73,98.56,0.173
74,98.50,0.101
75,98.31,0.355
76,98.19,0.073
77,98.19,0.240
78,97.69,0.258
79,98.38,0.181
80,98.75,0.125
81,98.81,0.046
82,98.75,0.119
83,98.81,0.112
84,98.88,0.240
85,98.88,0.182
86,98.75,0.216
87,98.88,0.121
88,98.81,0.209
89,98.81,0.073
90,98.81,0.092
91,98.56,0.372
92,98.31,0.501
93,98.25,0.357
94,98.56,0.083
95,98.75,0.068
96,98.81,0.096
97,98.75,0.212
98,98.75,0.360
99,98.56,0.406
100,98.50,0.326
101,98.56,0.332
102,98.69,0.138
103,97.88,0.262
104,98.31,0.164
105,98.62,0.074
106,98.56,0.248
107,98.50,0.253
108,97.25,0.359
109,96.81,0.403
110,97.44,0.472
111,98.31,0.169
112,98.25,0.390
113,98.81,0.179
114,98.56,0.259
115,98.69,0.283
116,98.81,0.221
117,98.88,0.295
118,98.94,0.222
119,98.88,0.150
120,98.94,0.128
121,98.81,0.164
122,98.62,0.167
123,98.56,0.081
124,98.75,0.085
125,98.75,0.110
126,98.56,0.170
127,98.50,0.160
128,98.19,0.159
129,98.25,0.260
130,97.38,0.338
131,97.25,0.442
132,97.69,0.173
133,97.38,0.619
134,97.88,0.392
135,98.38,0.076
136,97.44,0.299
137,98.19,0.154
138,97.62,0.039
139,98.50,0.141
140,98.19,0.113
141,98.19,0.149
142,97.69,0.204
143,98.06,0.405
144,98.50,0.110
145,98.62,0.264
146,98.81,0.231
147,98.81,0.260
148,98.81,0.252
149,98.81,0.136
150,98.88,0.065
151,98.56,0.331
152,98.25,0.361
153,97.88,0.154
154,90.56,0.367
